Sector subsector y rama,1.16,2.16,3.16,4.16,Total 2022,1.17,2.17,3.17,4.17,Total 2023,1.18,2.18,Total 2024,Total general
"11 Agricultura cría y explotación de animales, aprovechamiento forestal, pesca y caza",101.4,47.3,22.4,112.4,283.5,25.9,55.5,117.9,134.7,334.0,249.7,37.1,286.8,"3,082.9"
111 Agricultura,22.9,8.8,-12.1,87.8,107.4,11.0,8.5,94.8,C,109.9,68.3,42.0,110.3,"1,246.9"
1111 Cultivo de semillas oleaginosas  leguminosas y cereales,0.0,C,0.0,C,C,C,0.0,0.0,0.0,C,0.0,0.0,0.0,-6.7
1112 Cultivo de hortalizas,C,2.2,C,-4.1,6.2,7.3,C,C,C,13.6,C,22.4,51.2,283.0
1113 Cultivo de frutales y nueces,0.0,-0.9,-4.3,C,-2.5,C,0.0,C,0.0,C,-17.9,0.0,-17.9,284.9
"1114 Cultivo en invernaderos y otras estructuras agrícolas protegidas, y floricultura",C,C,0.0,C,140.7,C,0.0,C,0.0,87.4,C,19.6,74.6,614.0
1119 Otros cultivos,C,C,0.0,-21.4,-37.1,C,C,C,0.0,16.6,2.4,0.0,2.4,71.7
112 Cría y explotación de animales,C,C,C,35.1,118.8,-24.3,47.0,17.8,C,153.3,C,0.0,C,"1,391.5"
1121 Explotación de bovinos,0.0,0.0,0.0,0.0,0.0,0.0,0.0,0.0,0.0,0.0,0.0,0.0,0.0,2.9
1122 Explotación de porcinos,0.0,0.0,C,0.0,C,0.0,0.0,C,0.0,C,0.0,0.0,0.0,323.5
1123 Explotación avícola,C,C,0.0,35.1,106.6,C,47.0,-9.2,C,126.3,C,0.0,C,"1,034.8"
1124 Explotación de ovinos y caprinos,0.0,0.0,0.0,0.0,0.0,0.0,0.0,0.0,0.0,0.0,0.0,0.0,0.0,C
1125 Acuicultura,0.0,0.0,0.0,0.0,0.0,0.0,C,0.0,0.0,C,0.0,0.0,0.0,30.2
1129 Explotación de otros animales,C,0.0,0.0,0.0,C,C,0.0,0.0,0.0,C,0.0,0.0,0.0,0.0
113 Aprovechamiento forestal,0.0,0.0,0.0,0.0,0.0,0.0,0.0,0.0,0.0,0.0,0.0,0.0,0.0,2.3
1132 Viveros forestales y recolección de productos forestales,0.0,0.0,0.0,0.0,0.0,0.0,0.0,0.0,0.0,0.0,0.0,0.0,0.0,2.3
114 Pesca caza y captura,0.0,0.0,0.0,0.0,0.0,0.0,0.0,0.0,0.0,0.0,0.0,0.0,0.0,0.6
1141 Pesca,0.0,0.0,0.0,0.0,0.0,0.0,0.0,0.0,0.0,0.0,0.0,0.0,0.0,0.6
1142 Caza y captura,0.0,0.0,0.0,0.0,0.0,0.0,0.0,0.0,0.0,0.0,0.0,0.0,0.0,C
115 Servicios relacionados con las actividades agropecuarias y forestales,47.0,-1.5,22.3,C,57.4,39.2,0.0,5.3,26.2,70.8,125.7,C,120.8,441.6
1151 Servicios relacionados con la agricultura,12.1,C,1.8,0.0,19.8,-7.7,0.0,C,C,0.8,C,0.0,C,112.6
1152 Servicios relacionados con la cría y explotación de animales,0.0,0.0,0.0,0.0,0.0,0.0,0.0,0.0,0.0,0.0,C,0.0,C,0.4
1153 Servicios relacionados con el aprovechamiento forestal,35.0,-7.4,20.4,C,37.5,46.9,0.0,0.2,22.9,70.0,125.0,C,120.1,328.6
21 Minería,"1,519.2",115.3,94.2,52.1,"1,780.7",829.5,"1,776.0",584.0,303.0,"3,492.5","2,395.8",585.3,"2,981.1","46,681.7"
211 Extracción de petróleo y gas,452.6,0.7,-51.4,-52.7,349.3,241.7,-102.3,402.6,238.3,780.3,74.5,389.1,463.6,"8,597.4"
2111 Extracción de petróleo y gas,452.6,0.7,-51.4,-52.7,349.3,241.7,-102.3,402.6,238.3,780.3,74.5,389.1,463.6,"8,597.4"
"212 Minería de minerales metálicos y no metálicos, excepto petróleo y gas",750.1,14.5,101.4,55.9,921.9,273.0,"1,858.5",-180.5,158.3,"2,109.3","2,211.2",-12.6,"2,198.6","32,843.7"
2121 Minería de carbón mineral,0.0,C,C,0.0,C,0.0,0.0,0.0,0.0,0.0,0.0,0.0,0.0,5.3
2122 Minería de minerales metálicos,748.9,10.4,89.1,20.7,869.1,260.1,"1,858.5",-187.4,158.3,"2,089.5","2,210.3",-12.6,"2,197.7","32,600.1"
2123 Minería de minerales no metálicos,C,C,10.4,C,49.8,12.9,0.0,C,0.0,19.8,C,0.0,C,238.4
213 Servicios relacionados con la minería,316.5,100.0,44.2,48.9,509.5,314.8,19.8,361.9,C,602.9,110.1,208.8,318.9,"5,240.6"
2131 Servicios relacionados con la minería,316.5,100.0,44.2,48.9,509.5,314.8,19.8,361.9,C,602.9,110.1,208.8,318.9,"5,240.6"
22 Generación transmisión distribución y comercialización de energía eléctrica  suministro de agua y de gas natural por ductos al consumidor final,45.4,398.0,317.0,118.3,878.8,137.1,-409.3,108.6,70.6,-93.0,118.1,35.1,153.2,"15,719.3"
221 Generación  transmisión  distribución y comercialización de energía eléctrica suministro de agua y de gas natural por ductos al consumidor final,45.4,398.0,317.0,118.3,878.8,137.1,-409.3,108.6,70.6,-93.0,118.1,35.1,153.2,"15,719.3"
2211 Generación transmisión  distribución y comercialización de energía eléctrica,56.2,421.3,182.8,177.8,838.1,171.2,-382.6,150.5,27.1,-33.8,119.6,106.0,225.6,"14,538.2"
2212 Suministro de gas natural por ductos al consumidor final,-10.8,-23.3,C,-59.5,40.7,-34.1,-26.6,-41.9,C,-59.2,0.0,-70.9,-70.9,"1,105.6"
2213 Captación  tratamiento y suministro de agua,0.0,0.0,0.0,0.0,0.0,0.0,0.0,0.0,0.0,0.0,C,0.0,C,75.5
23 Construcción,768.4,-302.6,94.5,-96.2,464.2,533.4,82.0,-64.4,-293.1,257.9,-665.6,-394.3,"-1,059.9","21,606.4"
236 Edificación,16.7,21.5,1.3,-30.7,8.7,25.7,73.1,25.3,-72.7,51.4,163.7,8.1,171.9,"1,599.0"
2361 Edificación residencial,3.4,0.1,C,0.0,3.5,C,C,-1.3,C,-0.4,2.5,C,1.0,548.1
2362 Edificación no residencial,13.2,21.4,1.3,-30.8,5.2,25.7,73.1,26.7,-73.6,51.8,161.2,9.6,170.9,"1,050.8"
237 Construcción de obras de ingeniería civil,739.7,-325.9,119.8,-67.5,466.2,463.7,-1.9,-91.6,-211.3,158.9,-882.5,-387.6,"-1,270.1","19,448.6"
2371 Construcción de obras para el suministro de agua  petróleo  gas energía eléctrica y telecomunicaciones,661.8,-324.7,117.8,-59.9,395.0,455.4,-10.2,-69.9,-211.3,164.1,"-1,172.4",-392.8,"-1,565.2","6,950.0"
2372 División de terrenos y construcción de obras de urbanización,-1.4,5.4,C,-1.3,5.9,0.0,C,-34.8,0.0,-29.8,12.5,0.0,12.5,549.0
2373 Construcción de vías de comunicación,C,C,C,C,43.0,0.0,C,C,0.0,3.3,90.6,C,70.1,"10,803.1"
2379 Otras construcciones de ingeniería civil,40.8,-12.4,C,-5.0,22.3,8.2,C,13.1,0.0,21.3,186.8,25.7,212.4,"1,146.5"
238 Trabajos especializados para la construcción,12.0,1.8,-26.6,2.1,-10.7,44.0,10.8,1.9,-9.1,47.7,53.2,-14.9,38.3,558.8
2381 Cimentaciones  montaje de estructuras prefabricadas y trabajos en exteriores,C,C,C,0.0,C,C,0.0,C,0.0,C,0.0,C,C,63.2
2382 Instalaciones y equipamiento en construcciones,C,1.3,-26.6,0.2,-19.7,C,C,C,-0.9,55.4,42.2,C,27.3,404.6
2383 Trabajos de acabados en edificaciones,0.0,C,0.0,C,C,C,0.0,0.0,C,C,C,0.0,C,13.0
2389 Otros trabajos especializados para la construcción,C,C,0.0,1.9,8.9,C,C,C,0.0,0.1,C,0.0,C,78.0
31-33 Industrias manufactureras,"7,156.9","4,974.7","1,961.2",-1.1,"14,091.8","12,793.5","4,765.5","1,067.6",-511.0,"18,115.7","12,710.0","3,942.9","16,652.9","292,481.3"
311 Industria alimentaria,220.7,-11.7,-42.8,803.5,969.7,520.3,-0.9,-15.5,71.2,575.1,976.2,-174.1,802.0,"12,026.9"
3111 Elaboración de alimentos balanceados para animales,C,0.0,0.0,C,7.7,0.0,C,0.0,C,C,C,0.0,C,199.3
3112 Molienda de granos y de semillas y obtención de aceites y grasas,107.2,-9.6,-39.2,4.8,63.2,C,C,C,C,160.3,221.6,-120.5,101.2,"1,102.0"
3113 Elaboración de azúcares chocolates  dulces y similares,27.8,1.2,1.7,820.8,851.4,166.2,-2.7,-6.4,-34.0,123.1,117.1,-2.3,114.7,"5,742.8"
3114 Conservación de frutas  verduras  guisos y otros alimentos preparados,29.9,1.8,7.2,-3.9,35.1,36.1,-10.8,-29.8,-26.9,-31.4,59.8,-28.0,31.9,759.4
3115 Elaboración de productos lácteos,0.0,0.0,0.0,C,C,C,0.0,0.0,0.0,C,561.4,0.0,561.4,"3,085.9"
3116 Matanza empacado y procesamiento de carne de ganado aves y otros animales comestibles,0.0,C,C,0.0,C,0.0,C,C,0.0,C,C,C,C,378.2
3117 Preparación y envasado de pescados y mariscos,0.0,0.0,0.0,0.0,0.0,0.0,C,C,0.0,C,0.0,0.0,0.0,-17.8
3118 Elaboración de productos de panadería y tortillas,C,0.0,0.0,0.0,C,0.0,0.0,C,0.0,C,C,0.0,C,14.0
3119 Otras industrias alimentarias,52.2,-9.2,-12.5,-16.3,14.2,C,10.2,C,C,36.8,0.7,-16.8,-16.2,762.9
312 Industria de las bebidas y del tabaco,897.5,64.8,119.2,-415.9,665.6,"2,458.9",169.7,264.5,-287.8,"2,605.4","2,883.9","1,256.7","4,140.6","51,012.3"
3121 Industria de las bebidas,560.1,108.9,240.4,-241.8,667.6,"1,981.3",192.6,424.9,-158.8,"2,440.0","2,078.6","1,605.4","3,684.1","49,906.9"
3122 Industria del tabaco,C,C,C,C,C,C,C,C,C,165.4,C,-348.7,456.5,"1,105.3"
313 Fabricación de insumos textiles y acabado de textiles,19.7,0.3,0.2,4.3,24.6,8.5,6.5,3.0,-7.8,10.2,0.3,0.1,0.4,360.9
3131 Preparación e hilado de fibras textiles y fabricación de hilos,0.0,C,0.0,0.0,C,0.0,0.0,C,0.0,C,C,C,C,97.6
3132 Fabricación de telas,19.5,0.0,0.2,4.2,23.9,8.4,6.2,-1.4,-7.9,5.4,2.4,2.5,4.9,200.1
3133 Acabado de productos textiles y fabricación de telas recubiertas,0.2,C,C,C,0.7,C,C,C,C,C,C,C,C,63.1
314 Fabricación de productos textiles excepto prendas de vestir,7.2,13.2,7.8,2.9,31.0,16.0,16.1,-26.0,11.2,17.3,20.2,17.1,37.3,386.9
3141 Confección de alfombras  blancos y similares,4.2,11.0,2.3,2.7,20.3,15.5,15.4,-21.5,9.8,19.2,18.1,13.1,31.2,316.9
3149 Fabricación de otros productos textiles excepto prendas de vestir,3.0,2.2,5.4,0.1,10.7,0.5,0.7,-4.5,1.4,-1.9,2.1,4.0,6.1,70.0
315 Fabricación de prendas de vestir,17.7,5.1,13.4,26.4,62.5,6.3,-0.3,12.7,-23.2,-4.5,35.5,-11.9,23.6,"1,459.4"
3151 Fabricación de prendas de vestir de tejido de punto,0.8,1.9,2.5,2.3,7.5,-0.2,0.5,2.7,1.6,4.6,2.2,0.4,2.6,260.0
3152 Confección de prendas de vestir,16.3,5.4,10.8,7.0,39.7,11.6,-0.8,10.1,-24.8,-4.0,33.0,-11.5,21.5,748.1
3159 Confección de accesorios de vestir y otras prendas de vestir no clasificados en otra parte,0.5,C,0.0,17.1,15.4,-5.1,C,0.0,C,-5.1,C,-0.8,-0.6,451.3
316 Curtido y acabado de cuero y piel y fabricación de productos de cuero piel y materiales sucedáneos,4.2,2.3,-3.0,-0.9,2.7,2.1,0.7,0.5,1.4,4.7,5.3,1.2,6.5,492.5
3161 Curtido y acabado de cuero y piel,C,0.0,C,C,-6.4,C,0.0,0.0,0.0,C,C,0.0,C,152.6
3162 Fabricación de calzado,0.4,0.5,0.7,1.0,2.7,0.6,0.5,0.3,1.2,2.5,0.4,0.5,0.9,75.3
3169 Fabricación de otros productos de cuero piel y materiales sucedáneos,3.8,1.8,0.5,0.3,6.4,0.2,0.2,0.3,0.2,0.9,0.2,0.7,0.9,264.6
321 Industria de la madera,0.3,0.4,2.4,-2.3,0.7,46.2,-17.7,0.2,1.0,29.7,8.6,36.5,45.1,361.8
3212 Fabricación de laminados y aglutinados de madera,0.0,0.0,0.0,0.0,0.0,0.0,0.0,0.0,0.0,0.0,0.0,0.0,0.0,0.1
3219 Fabricación de otros productos de madera,0.3,0.4,2.4,-2.3,0.7,46.2,-17.7,0.2,1.0,29.7,8.6,36.5,45.1,361.7
322 Industria del papel,10.9,512.6,38.5,611.3,"1,173.3",118.0,32.5,26.6,73.0,250.2,298.1,-14.0,284.1,"4,772.5"
3221 Fabricación de pulpa  papel y cartón,38.0,457.1,14.5,651.2,"1,160.9",82.7,0.9,17.2,9.1,109.9,241.9,-1.5,240.4,"3,657.6"
3222 Fabricación de productos de cartón y papel,-27.2,55.4,24.0,-39.8,12.4,35.3,31.6,9.4,63.9,140.3,56.2,-12.5,43.7,"1,114.9"
323 Impresión e industrias conexas,1.7,-3.6,0.7,-2.0,-3.2,14.0,12.7,-7.6,-27.1,-8.0,14.6,11.2,25.8,264.0
3231 Impresión e industrias conexas,1.7,-3.6,0.7,-2.0,-3.2,14.0,12.7,-7.6,-27.1,-8.0,14.6,11.2,25.8,264.0
324 Fabricación de productos derivados del petróleo y del carbón,-0.2,C,C,C,5.9,5.2,-7.9,10.4,C,5.0,5.5,C,12.3,255.9
3241 Fabricación de productos derivados del petróleo y del carbón,-0.2,C,C,C,5.9,5.2,-7.9,10.4,C,5.0,5.5,C,12.3,255.9
325 Industria química,"1,555.9",379.4,82.9,-697.9,"1,320.4","1,206.4",-111.0,97.3,-98.2,"1,094.5","1,200.4",150.1,"1,350.5","37,196.2"
3251 Fabricación de productos químicos básicos,119.4,67.0,56.5,-611.0,-368.2,158.3,-47.1,62.5,73.3,247.0,-36.5,-56.7,-93.2,"6,937.6"
3252 Fabricación de resinas y hules sintéticos  y fibras químicas,4.8,22.3,17.9,3.3,48.3,2.7,-12.2,6.7,1.7,-1.1,26.2,6.8,33.0,743.8
3253 Fabricación de fertilizantes plaguicidas y otros agroquímicos,C,C,C,C,104.4,C,C,0.0,C,C,0.0,C,C,397.1
3254 Fabricación de productos farmacéuticos,854.1,237.1,85.5,-218.3,958.3,689.2,96.6,553.1,-62.1,"1,276.8",671.6,300.4,972.0,"14,213.9"
3255 Fabricación de pinturas  recubrimientos y adhesivos,301.8,-83.9,-77.9,-39.0,101.0,50.9,-6.8,-145.5,-105.1,-206.6,420.5,-101.3,319.2,"3,484.9"
3256 Fabricación de jabones limpiadores y preparaciones de tocador,165.3,64.6,-2.9,121.4,348.5,285.0,-148.4,-431.6,40.1,-254.9,60.0,-16.9,43.1,"9,395.0"
3259 Fabricación de otros productos químicos,117.7,39.0,-12.6,-16.0,128.1,11.9,1.5,52.0,-5.5,59.8,58.6,6.2,64.8,"2,023.8"
326 Industria del plástico y del hule,472.5,235.9,208.3,-196.9,719.8,508.3,106.8,-16.6,-119.5,478.9,492.6,113.7,606.3,"13,870.9"
3261 Fabricación de productos de plástico,274.5,104.7,73.5,-140.9,311.8,406.3,92.9,46.1,-16.4,528.9,268.2,346.0,614.2,"8,456.3"
3262 Fabricación de productos de hule,198.1,131.2,134.8,-56.0,408.1,102.0,13.9,-62.7,-103.2,-50.0,224.4,-232.3,-7.9,"5,414.5"
327 Fabricación de productos a base de minerales no metálicos,155.0,-94.8,-56.4,34.0,37.8,121.4,-80.4,-51.3,28.6,18.3,174.5,-177.1,-2.5,"5,384.8"
3271 Fabricación de productos a base de arcillas y minerales refractarios,6.6,-3.8,-2.1,C,-6.5,8.0,C,C,C,2.7,13.0,C,13.0,583.2
3272 Fabricación de vidrio y productos de vidrio,40.4,-17.5,7.7,40.8,71.5,1.4,0.5,56.6,28.4,87.0,160.7,0.5,161.2,"4,306.7"
3273 Fabricación de cemento  concreto y sus productos,107.8,C,C,C,-34.6,C,C,C,C,C,0.0,C,C,361.2
3274 Fabricación de cal  yeso y productos de yeso,0.0,0.0,0.0,0.0,0.0,0.0,0.0,0.0,0.0,0.0,0.0,0.0,0.0,43.9
3279 Fabricación de otros productos a base de minerales no metálicos,0.3,0.2,6.6,C,7.4,C,0.2,C,C,0.6,C,0.6,1.4,89.7
331 Industrias metálicas básicas,828.5,"1,139.9",-40.2,650.7,"2,579.0","1,978.5",710.5,-411.2,5.1,"2,283.0","1,368.3",-600.2,768.1,"20,229.6"
3311 Industria básica del hierro y del acero,738.7,"1,071.7",-140.5,494.0,"2,163.9","1,878.7",613.3,-348.9,11.8,"2,154.9","1,302.0",-666.8,635.1,"16,519.6"
3312 Fabricación de productos de hierro y acero,59.5,15.9,78.5,133.6,287.5,73.7,81.2,-61.1,-14.8,79.0,64.0,57.3,121.4,"2,879.1"
3313 Industria básica del aluminio,-1.7,5.2,2.0,1.3,6.7,0.9,5.9,-0.4,1.8,8.1,2.9,7.1,10.0,382.7
3314 Industrias de metales no ferrosos  excepto aluminio,13.1,40.8,C,C,79.2,23.8,0.0,C,C,29.8,C,-2.8,-11.8,208.9
3315 Moldeo por fundición de piezas metálicas,18.9,6.4,17.3,-1.0,41.7,1.3,10.1,-3.6,3.3,11.2,8.5,5.0,13.5,239.3
332 Fabricación de productos metálicos,77.8,1.3,-3.7,-22.5,52.8,65.5,52.5,20.7,30.2,168.9,95.2,22.3,117.4,"2,839.9"
3321 Fabricación de productos metálicos forjados y troquelados,-10.7,-8.3,-16.1,-40.7,-75.7,-1.6,25.4,8.2,0.1,32.1,3.8,4.5,8.2,134.4
3322 Fabricación de herramientas de mano sin motor y utensilios de cocina metálicos,34.0,C,5.7,C,52.4,C,C,C,C,C,C,C,C,408.6
3323 Fabricación de estructuras metálicas y productos de herrería,-0.5,0.9,1.3,2.6,4.2,8.6,-1.2,3.3,0.9,11.5,-0.1,0.3,0.1,70.7
3324 Fabricación de calderas tanques y envases metálicos,C,C,C,C,C,C,C,C,C,C,2.4,C,2.7,156.0
3325 Fabricación de herrajes y cerraduras,12.1,-8.9,1.7,-1.9,3.1,10.3,14.9,12.9,10.6,48.7,9.0,0.7,9.7,310.3
3326 Fabricación de alambre productos de alambre y resortes,9.0,-1.3,2.7,1.3,11.7,2.7,0.9,0.9,1.1,5.6,3.4,0.3,3.7,153.3
3327 Maquinado de piezas y fabricación de tornillos,11.7,4.0,2.5,10.1,28.2,14.6,1.0,6.4,-4.5,17.5,21.4,12.3,33.7,496.1
3328 Recubrimientos y terminados metálicos,C,C,0.0,0.0,C,0.0,0.0,0.0,C,C,0.0,C,C,5.1
3329 Fabricación de otros productos metálicos,25.3,0.2,-1.9,4.3,28.0,30.7,6.5,-16.7,15.7,36.3,52.1,-3.3,48.8,"1,105.4"
333 Fabricación de maquinaria y equipo,353.0,147.9,-63.1,-139.3,298.6,350.3,61.2,-448.2,85.8,49.2,-995.1,-40.4,"-1,035.5","12,347.3"
3331 Fabricación de maquinaria y equipo agropecuario para la construcción y para la industria extractiva,-145.7,112.5,-57.0,173.2,83.0,14.1,-49.2,-129.0,75.3,-88.8,40.4,60.6,101.0,"1,642.3"
3332 Fabricación de maquinaria y equipo para las industrias manufactureras excepto la metalmecánica,-1.2,16.7,-44.7,-164.5,-193.8,74.5,6.3,9.7,16.5,107.1,56.8,20.2,77.0,"1,163.1"
3333 Fabricación de maquinaria y equipo para el comercio y los servicios,9.4,2.7,6.1,0.4,18.6,22.5,0.5,4.6,1.8,29.3,8.3,11.9,20.2,651.7
3334 Fabricación de equipo de aire acondicionado  calefacción  y de refrigeración industrial y comercial,465.4,47.9,20.0,-70.0,463.3,184.2,36.1,-410.0,51.1,-138.5,"-1,244.3",-125.7,"-1,370.0","6,552.0"
3335 Fabricación de maquinaria y equipo para la industria metalmecánica,C,C,3.1,0.1,2.1,8.0,C,9.4,3.4,21.7,1.8,C,4.7,133.7
3336 Fabricación de motores de combustión interna turbinas y transmisiones,26.0,-6.0,12.0,1.7,33.7,14.1,5.2,4.7,33.7,57.6,47.1,0.7,47.8,574.0
3339 Fabricación de otra maquinaria y equipo para la industria en general,-1.0,-24.6,-2.5,-80.1,-108.3,33.0,61.3,62.5,-95.9,60.9,94.8,-11.0,83.8,"1,630.4"
334 Fabricación de equipo de computación  comunicación  medición y de otros equipos componentes y accesorios electrónicos,528.6,365.0,407.3,-197.2,"1,103.7","1,055.2",92.9,462.1,458.0,"2,068.2",790.2,73.7,863.9,"21,355.4"
3341 Fabricación de computadoras y equipo periférico,15.4,76.7,62.1,-103.4,50.9,55.3,73.7,-74.6,-39.1,15.4,91.7,108.3,200.0,"2,035.1"
3342 Fabricación de equipo de comunicación,63.8,44.4,-45.0,92.5,155.6,133.2,-10.2,94.2,-28.5,188.7,34.6,37.3,71.9,"1,491.8"
3343 Fabricación de equipo de audio y de video,25.8,29.4,47.2,36.6,138.9,13.6,25.7,109.4,275.9,424.7,17.5,25.5,43.0,"3,567.9"
3344 Fabricación de componentes electrónicos,270.0,205.2,279.0,82.6,836.8,269.4,69.4,372.5,130.2,841.5,146.6,-68.8,77.8,"9,148.0"
3345 Fabricación de instrumentos de medición control navegación y equipo médico electrónico,144.4,-5.3,58.5,-320.5,-122.9,570.6,-106.0,-42.5,114.1,536.3,490.4,-57.3,433.2,"4,338.9"
3346 Fabricación y reproducción de medios magnéticos y ópticos,9.2,14.6,5.5,C,44.4,13.1,40.3,3.1,5.2,61.7,9.4,28.7,38.2,773.8
335 Fabricación de accesorios  aparatos eléctricos y equipo de generación de energía eléctrica,358.8,157.4,172.1,-52.4,636.0,613.7,185.2,6.8,36.8,842.5,302.9,143.3,446.2,"13,889.0"
3351 Fabricación de accesorios de iluminación,1.2,6.5,1.4,1.5,10.5,11.3,-1.2,4.0,1.6,15.8,4.1,-21.6,-17.5,194.2
3352 Fabricación de aparatos eléctricos de uso doméstico,65.2,78.0,62.6,-148.5,57.4,421.4,29.1,-16.2,9.3,443.6,126.8,73.0,199.9,"3,148.4"
3353 Fabricación de equipo de generación y distribución de energía eléctrica,237.3,10.7,55.1,40.8,343.9,115.0,108.1,-60.8,9.8,172.0,105.9,41.9,147.8,"7,600.9"
3359 Fabricación de otros equipos y accesorios eléctricos,55.1,62.3,53.1,53.8,224.3,66.0,49.1,79.8,16.2,211.1,66.0,50.0,116.0,"2,945.6"
336 Fabricación de equipo de transporte,"1,583.3","1,901.7",968.8,-141.8,"4,312.1","3,572.1","3,428.2",997.3,-766.8,"7,230.8","4,913.0","3,046.0","7,959.0","88,923.8"
3361 Fabricación de automóviles y camiones,862.5,"1,527.5",838.7,-211.1,"3,017.5","2,262.4","3,137.4",530.7,-838.5,"5,092.0","3,845.0","2,245.8","6,090.8","45,634.3"
3362 Fabricación de carrocerías y remolques,C,C,C,-1.4,13.1,C,C,C,C,1.6,20.9,C,37.3,753.4
3363 Fabricación de partes para vehículos automotores,584.8,327.7,77.8,24.9,"1,015.2","1,168.1",252.0,411.2,83.1,"1,914.4",887.7,746.5,"1,634.3","37,304.3"
3364 Fabricación de equipo aeroespacial,104.3,41.2,49.3,26.2,221.0,133.5,38.3,44.8,10.8,227.5,131.8,29.3,161.1,"3,787.1"
3365 Fabricación de equipo ferroviario,C,C,C,19.6,33.9,0.0,C,0.0,C,-15.0,26.8,C,47.2,"1,292.9"
3366 Fabricación de embarcaciones,0.0,C,0.0,0.0,C,0.0,0.0,C,0.0,C,0.0,0.0,0.0,49.8
3369 Fabricación de otro equipo de transporte,5.4,1.1,C,0.0,6.5,C,C,C,C,C,0.7,-12.4,-11.7,102.0
337 Fabricación de muebles colchones y persianas,0.5,5.8,5.8,-15.0,-2.9,15.5,26.2,16.4,2.4,60.6,50.6,26.9,77.5,504.4
3371 Fabricación de muebles excepto de oficina y estantería,0.5,5.7,5.7,-15.1,-3.2,15.4,26.2,16.3,1.9,59.8,49.2,26.9,76.1,487.7
3372 Fabricación de muebles de oficina y estantería,0.0,0.0,0.0,0.0,0.0,0.0,0.0,0.0,C,C,C,0.0,C,0.5
3379 Fabricación de colchones persianas y cortineros,C,C,C,C,C,C,C,C,C,C,C,C,C,16.3
339 Otras industrias manufactureras,63.0,148.8,135.5,-245.7,101.6,111.2,81.8,125.3,17.3,335.5,69.1,55.2,124.3,"4,546.9"
3391 Fabricación de equipo no electrónico y material desechable de uso médico  dental y para laboratorio y artículos oftálmicos,32.5,21.8,17.9,14.7,86.8,48.9,36.7,31.3,13.4,130.3,32.6,11.5,44.1,"1,035.0"
3399 Otras industrias manufactureras,30.5,127.0,117.6,-260.4,14.7,62.3,45.1,93.9,3.9,205.2,36.5,43.7,80.2,"3,511.9"
43 Comercio al por mayor,113.6,279.6,29.9,-96.8,326.4,425.0,-71.0,269.4,293.0,916.4,"1,181.7",70.6,"1,252.3","13,408.9"
431 Comercio al por mayor de abarrotes alimentos  bebidas  hielo y tabaco,83.7,2.8,20.1,-30.7,75.9,158.9,176.7,233.0,-97.4,471.2,123.9,47.6,171.5,"2,778.4"
4311 Comercio al por mayor de abarrotes y alimentos,62.9,-14.7,16.7,-36.4,28.5,139.2,172.5,229.0,-104.6,436.2,125.2,44.3,169.6,"2,684.8"
4312 Comercio al por mayor de bebidas hielo y tabaco,20.8,17.5,3.4,5.7,47.5,19.7,4.2,C,C,35.0,-1.3,C,1.9,93.5
432 Comercio al por mayor de productos textiles y calzado,20.7,12.1,18.8,0.2,51.8,72.9,42.9,107.1,4.9,227.9,20.7,-10.0,10.7,"1,440.0"
4321 Comercio al por mayor de productos textiles y calzado,20.7,12.1,18.8,0.2,51.8,72.9,42.9,107.1,4.9,227.9,20.7,-10.0,10.7,"1,440.0"
433 Comercio al por mayor de productos farmacéuticos  de perfumería  artículos para el esparcimiento  electrodomésticos menores y aparatos de línea blanca,87.5,40.6,6.9,-25.3,109.6,59.7,-46.1,17.8,-6.3,25.1,124.8,43.2,168.0,"1,828.3"
4331 Comercio al por mayor de productos farmacéuticos,42.6,-16.3,19.1,15.9,61.3,10.3,22.5,20.0,-10.8,41.8,50.6,27.9,78.5,"1,072.9"
4332 Comercio al por mayor de artículos de perfumería cosméticos y joyería,40.7,33.5,-34.1,4.3,44.5,45.2,-80.2,-4.1,6.6,-32.5,79.9,-5.1,74.8,375.6
4333 Comercio al por mayor de grabaciones de audio y video en medios físicos juguetes y artículos deportivos,-6.7,22.7,C,-46.2,-9.0,1.6,11.3,0.0,0.0,12.9,-9.3,C,4.5,188.7
4334 Comercio al por mayor de artículos de papelería  libros  revistas y periódicos,0.0,0.0,C,0.0,C,0.0,0.0,0.0,C,C,C,C,C,52.4
4335 Comercio al por mayor de electrodomésticos menores y aparatos de línea blanca,10.8,C,C,C,12.8,2.6,C,C,-2.0,2.8,2.3,C,9.0,138.8
434 Comercio al por mayor de materias primas agropecuarias y forestales para la industria y materiales de desecho,116.9,20.3,146.6,-132.8,151.1,79.1,-53.9,-1.3,34.5,58.5,124.0,77.9,201.8,"3,172.2"
4341 Comercio al por mayor de materias primas agropecuarias y forestales,0.2,C,10.1,4.8,18.0,-1.2,-13.3,-1.8,-1.8,-18.0,16.1,0.0,16.1,171.5
4342 Comercio al por mayor de materias primas para la industria,116.8,17.3,137.7,-137.6,134.2,80.3,-40.6,0.5,36.3,76.5,107.9,76.4,184.3,"2,932.5"
4343 Comercio al por mayor de materiales de desecho,0.0,0.0,-1.1,0.0,-1.1,0.0,C,0.0,0.0,C,0.0,C,C,68.2
435 Comercio al por mayor de maquinaria equipo y mobiliario para actividades agropecuarias industriales de servicios y comerciales y de otra maquinaria y equipo de uso general,-305.2,142.3,-78.0,132.1,-108.9,-30.5,-91.7,-92.5,364.9,150.2,-178.4,-130.7,-309.0,"2,168.3"
4351 Comercio al por mayor de maquinaria y equipo agropecuario forestal y para la pesca,C,C,C,C,15.4,C,C,C,C,5.8,-1.7,C,-1.7,78.9
4352 Comercio al por mayor de maquinaria y equipo para la industria,4.9,1.0,5.0,-12.1,-1.2,12.3,11.5,7.9,-3.8,27.9,34.5,-2.9,31.6,673.0
4353 Comercio al por mayor de maquinaria y equipo para los servicios y para actividades comerciales,18.1,15.7,8.0,-31.0,10.8,26.3,-5.1,-1.8,7.6,27.1,40.2,5.0,45.2,739.0
4354 Comercio al por mayor de mobiliario y equipo de cómputo y de oficina y de otra maquinaria y equipo de uso general,-332.8,121.5,-97.6,175.0,-133.9,-71.0,-98.6,-102.2,361.1,89.4,-251.4,-132.8,-384.2,677.4
436 Comercio al por mayor de camiones y de partes y refacciones nuevas para automóviles camionetas y camiones,62.5,2.7,-101.6,3.7,-32.7,74.9,-96.1,C,-3.9,-25.0,951.0,19.0,970.0,"1,720.4"
4361 Comercio al por mayor de camiones y de partes y refacciones nuevas para automóviles camionetas y camiones,62.5,2.7,-101.6,3.7,-32.7,74.9,-96.1,C,-3.9,-25.0,951.0,19.0,970.0,"1,720.4"
437 Intermediación de comercio al por mayor,47.5,58.9,17.1,-44.0,79.5,10.0,-2.7,5.0,-3.8,8.5,15.7,23.5,39.2,301.2
4373 Intermediación de comercio al por mayor,47.5,58.9,17.1,-44.0,79.5,10.0,-2.7,5.0,-3.8,8.5,15.7,23.5,39.2,301.2
46 Comercio al por menor,559.9,292.0,112.7,71.8,"1,036.5",463.6,-109.2,89.2,-4.4,439.1,590.3,508.9,"1,099.2","20,908.8"
461 Comercio al por menor de abarrotes alimentos bebidas hielo y tabaco,C,C,C,C,2.0,C,C,0.0,0.0,0.0,C,0.0,C,254.1
4611 Comercio al por menor de abarrotes y alimentos,C,C,C,C,2.0,C,C,0.0,0.0,C,C,0.0,C,251.7
4612 Comercio al por menor de bebidas hielo y tabaco,0.0,0.0,0.0,0.0,0.0,0.0,C,0.0,0.0,C,0.0,0.0,0.0,2.4
462 Comercio al por menor en tiendas de autoservicio y departamentales,445.8,16.3,24.6,43.3,530.0,C,-2.0,0.0,C,239.4,349.2,47.9,397.1,"16,660.5"
4621 Comercio al por menor en tiendas de autoservicio,445.8,C,C,C,451.5,C,C,0.0,C,240.5,341.4,C,374.5,"14,758.3"
4622 Comercio al por menor en tiendas departamentales,0.0,C,C,C,C,0.0,C,0.0,0.0,C,C,C,C,"1,902.3"
463 Comercio al por menor de productos textiles  bisutería  accesorios de vestir y calzado,-1.1,1.6,3.2,C,5.3,C,C,24.5,0.0,35.6,-24.9,C,-25.2,212.9
4631 Comercio al por menor de productos textiles excepto ropa,C,0.0,0.0,C,C,0.0,C,C,0.0,C,0.0,0.0,0.0,5.5
4632 Comercio al por menor de ropa bisutería y accesorios de vestir,C,1.6,3.2,C,5.3,C,C,C,0.0,35.6,-24.9,C,-25.2,207.4
4633 Comercio al por menor de calzado,0.0,0.0,0.0,0.0,0.0,0.0,0.0,0.0,0.0,0.0,0.0,0.0,0.0,0.0
464 Comercio al por menor de artículos para el cuidado de la salud,C,C,0.0,0.0,-2.0,0.0,0.0,0.0,C,C,C,C,7.7,16.1
4641 Comercio al por menor de artículos para el cuidado de la salud,C,C,0.0,0.0,-2.0,0.0,0.0,0.0,C,C,C,C,7.7,16.1
465 Comercio al por menor de artículos de papelería  para el esparcimiento y otros artículos de uso personal,17.6,4.2,27.9,-21.1,28.5,9.3,-6.6,29.6,-2.9,29.4,-38.5,5.2,-33.3,-600.6
4651 Comercio al por menor de artículos de perfumería y joyería,C,C,0.0,C,0.0,0.0,0.1,C,0.0,1.7,0.0,C,0.0,-286.1
4652 Comercio al por menor de artículos para el esparcimiento,-11.6,C,C,C,4.7,C,C,C,C,24.9,C,C,-51.9,-15.4
4653 Comercio al por menor de artículos de papelería  libros revistas y periódicos,C,0.0,0.0,0.0,C,0.0,C,0.0,0.0,C,0.0,0.0,0.0,-672.9
4659 Comercio al por menor de mascotas y sus accesorios  regalos  artículos religiosos  desechables  artesanías y otros artículos de uso personal,29.1,C,C,-2.8,23.8,15.2,C,1.9,C,2.8,0.2,18.4,18.6,373.8
466 Comercio al por menor de enseres domésticos computadoras  artículos para la decoración de interiores y artículos usados,1.2,6.3,0.0,3.8,11.4,C,-0.5,-1.5,C,-13.9,5.7,C,5.7,583.1
4661 Comercio al por menor de muebles para el hogar y otros enseres domésticos,1.0,C,C,C,7.3,0.0,C,C,C,2.1,C,C,C,499.1
4662 Comercio al por menor de mobiliario  equipo y accesorios de cómputo teléfonos y otros aparatos de comunicación,0.2,0.0,C,C,4.0,C,C,C,C,-15.9,3.1,0.0,3.1,42.2
4663 Comercio al por menor de artículos para la decoración de interiores,0.0,C,C,C,0.0,0.0,C,0.0,0.0,C,C,0.0,C,41.8
4664 Comercio al por menor de artículos usados,0.0,0.0,0.0,0.0,0.0,0.0,0.0,0.0,0.0,0.0,0.0,0.0,0.0,0.0
467 Comercio al por menor de artículos de ferretería tlapalería y vidrios,-3.0,0.0,C,0.0,-3.0,0.0,0.0,C,0.0,C,C,C,0.2,93.9
4671 Comercio al por menor de artículos de ferretería tlapalería y vidrios,-3.0,0.0,C,0.0,-3.0,0.0,0.0,C,0.0,C,C,C,0.2,93.9
468 Comercio al por menor de vehículos de motor  refacciones combustibles y lubricantes,14.8,10.5,2.0,25.8,53.0,32.6,8.1,-34.1,C,0.0,59.6,66.1,125.7,652.1
4681 Comercio al por menor de automóviles y camionetas,0.0,41.4,C,C,77.8,C,10.1,C,0.0,-12.8,C,C,C,179.9
4682 Comercio al por menor de partes y refacciones para automóviles  camionetas y camiones,9.3,C,4.2,C,16.1,C,-2.0,C,0.0,-2.0,2.8,0.0,2.8,97.8
4683 Comercio al por menor de motocicletas y otros vehículos de motor,0.0,0.0,C,C,C,C,0.0,0.0,0.0,C,C,0.0,C,-2.5
4684 Comercio al por menor de combustibles aceites y grasas lubricantes,C,-33.6,-20.5,C,-41.0,C,0.0,-18.5,C,14.9,71.4,36.3,107.7,376.8
469 Intermediación de comercio al por menor  y comercio al por menor a través de catálogos impresos  televisión y similares,86.7,251.2,55.0,C,411.3,189.4,C,70.6,4.2,146.5,222.5,382.3,604.7,"3,036.7"
4691 Intermediación de comercio al por menor  y comercio al por menor a través de catálogos impresos televisión y similares,86.7,251.2,55.0,C,411.3,189.4,C,70.6,4.2,146.5,222.5,382.3,604.7,"3,036.7"
48-49 Transportes correos y almacenamiento,"3,100.5",535.8,-388.7,437.1,"3,684.8",503.7,608.5,623.7,547.5,"2,283.5","2,466.0",31.0,"2,497.1","30,199.6"
481 Transporte aéreo,"2,130.2",C,0.0,0.0,"2,131.3",0.0,0.0,C,0.0,C,C,0.0,C,"3,901.3"
4811 Transporte aéreo regular,"2,130.2",C,0.0,0.0,"2,131.3",0.0,0.0,C,0.0,C,C,0.0,C,"3,685.6"
4812 Transporte aéreo no regular,0.0,0.0,0.0,0.0,0.0,0.0,0.0,0.0,0.0,0.0,0.0,0.0,0.0,215.8
482 Transporte por ferrocarril,C,C,C,C,C,0.0,0.0,0.0,0.0,0.0,0.0,0.0,0.0,"2,546.7"
4821 Transporte por ferrocarril,C,C,C,C,C,0.0,0.0,0.0,0.0,0.0,0.0,0.0,0.0,"2,546.7"
483 Transporte por agua,C,19.3,6.2,C,-171.0,18.6,2.0,-35.1,0.0,-14.5,C,C,15.3,748.6
4831 Transporte marítimo,C,19.3,6.2,C,-171.0,18.6,2.0,-35.1,0.0,-14.5,C,C,15.3,748.6
484 Autotransporte de carga,0.0,0.0,0.0,C,0.0,C,C,0.0,0.0,0.0,0.0,0.0,0.0,68.2
4841 Autotransporte de carga general,0.0,0.0,0.0,0.0,0.0,C,C,0.0,0.0,0.0,0.0,0.0,0.0,10.8
4842 Autotransporte de carga especializado,0.0,0.0,0.0,C,C,0.0,0.0,0.0,0.0,0.0,0.0,0.0,0.0,57.3
485 Transporte terrestre de pasajero  excepto por ferrocarril,0.0,0.0,0.0,0.0,0.0,0.0,0.0,0.0,0.0,0.0,0.0,C,C,103.7
4851 Transporte colectivo urbano y suburbano de pasajeros de ruta fija,0.0,0.0,0.0,0.0,0.0,0.0,0.0,0.0,0.0,0.0,0.0,0.0,0.0,C
4853 Servicio de taxis y limusinas,0.0,0.0,0.0,0.0,0.0,0.0,0.0,0.0,0.0,0.0,0.0,0.0,0.0,C
4855 Alquiler de autobuses con chofer,0.0,0.0,0.0,0.0,0.0,0.0,0.0,0.0,0.0,0.0,0.0,0.0,0.0,C
4859 Otro transporte terrestre de pasajeros,0.0,0.0,0.0,0.0,0.0,0.0,0.0,0.0,0.0,0.0,0.0,C,C,4.6
486 Transporte por ductos,600.5,329.6,-499.4,448.2,879.0,110.0,549.5,762.3,503.1,"1,924.8","1,969.4",-24.2,"1,945.2","18,133.8"
4861 Transporte de petróleo crudo por ductos,0.0,0.0,0.0,0.0,0.0,0.0,0.0,0.0,0.0,0.0,0.0,0.0,0.0,C
4862 Transporte de gas natural por ductos,600.5,329.6,-499.4,448.2,879.0,110.0,549.5,762.3,503.1,"1,924.8","1,966.3",-24.2,"1,942.1","18,126.6"
4869 Transporte por ductos de otros productos,0.0,0.0,0.0,C,C,C,0.0,0.0,0.0,C,C,0.0,C,7.2
487 Transporte turístico,0.0,C,C,0.0,0.0,0.0,C,C,0.0,0.0,0.0,0.0,0.0,13.7
4871 Transporte turístico por tierra,0.0,0.0,0.0,0.0,0.0,C,0.0,0.0,0.0,C,0.0,0.0,0.0,0.2
4872 Transporte turístico por agua,0.0,0.0,C,0.0,C,0.0,C,C,0.0,0.0,0.0,0.0,0.0,13.5
4879 Otro transporte turístico,0.0,C,C,0.0,C,0.0,0.0,0.0,0.0,0.0,0.0,0.0,0.0,0.0
488 Servicios relacionados con el transporte,138.2,5.2,-32.9,53.6,164.2,356.9,56.2,-104.5,19.6,328.1,271.3,48.2,319.5,"3,582.9"
4881 Servicios relacionados con el transporte aéreo,25.3,-24.6,C,-1.1,-5.7,C,0.0,C,C,101.9,C,C,C,"1,243.1"
4883 Servicios relacionados con el transporte por agua,97.6,29.3,-27.8,48.7,147.8,255.1,56.2,-109.6,C,201.7,190.2,45.5,235.7,"2,088.9"
4884 Servicios relacionados con el transporte por carretera,0.0,0.0,0.0,0.0,0.0,0.0,0.0,0.0,0.0,0.0,0.0,0.0,0.0,C
4885 Servicios de intermediación para el transporte de carga,C,0.5,C,6.0,22.0,11.8,C,C,12.7,24.5,28.2,C,30.8,214.6
4889 Otros servicios relacionados con el transporte,C,C,C,0.0,0.0,C,0.0,0.0,0.0,0.0,1.1,C,1.1,36.2
492 Servicios de mensajería y paquetería,29.7,-26.1,34.0,27.8,65.4,18.2,C,C,24.8,45.0,128.8,C,132.8,"1,063.8"
4921 Servicios de mensajería y paquetería foránea,29.7,-26.1,34.0,27.8,65.4,18.2,C,C,24.8,45.0,128.8,C,132.8,"1,063.6"
4922 Servicios de mensajería y paquetería local,C,0.0,C,0.0,C,0.0,C,0.0,C,C,0.0,0.0,0.0,0.2
493 Servicios de almacenamiento,0.0,0.0,1.5,0.0,1.5,0.0,C,C,0.0,C,C,0.0,C,36.9
4931 Servicios de almacenamiento,0.0,0.0,1.5,0.0,1.5,0.0,C,C,0.0,C,C,0.0,C,36.9
51 Información en medios masivos,"4,726.6",169.1,456.1,67.3,"5,419.1",-172.6,345.7,-836.5,413.2,-250.2,316.9,107.2,424.1,"21,277.3"
512 Industria fílmica y del video e industria del sonido,-5.3,-1.9,27.4,-7.4,12.9,-5.9,-4.2,C,2.7,-2.6,6.9,C,6.3,231.1
5121 Industria fílmica y del video,C,C,27.4,-7.4,14.9,-5.9,-4.2,C,2.7,-2.6,1.4,C,0.8,226.1
5122 Industria del sonido,C,C,0.0,0.0,C,0.0,0.0,0.0,C,C,C,0.0,C,4.9
513 Edición de periódicos revistas  libros directorios software y otros materiales,-31.7,7.4,-55.0,52.2,-27.2,-53.8,194.6,34.7,223.4,399.0,114.7,165.8,280.5,"2,374.8"
5131 Edición de periódicos  revistas  libros  directorios y otros materiales,5.0,1.4,0.0,1.4,7.8,C,0.0,C,0.0,4.1,C,C,1.1,175.2
5132 Edición de software,-36.8,6.0,-55.0,50.8,-35.0,-53.8,194.6,30.6,223.4,394.8,115.6,163.7,279.3,"2,199.6"
516 Radio y televisión y provisión de contenido,C,C,436.1,28.0,"5,318.4",198.3,0.1,4.6,-10.7,192.3,C,-88.0,-79.0,"6,299.3"
5161 Estaciones de transmisión de programas de radio y televisión,0.0,0.0,0.0,0.0,0.0,0.0,0.0,0.0,0.0,0.0,0.0,0.0,0.0,6.2
5162 Servicios de distribución de audio y video en tiempo real (streaming)  redes sociales  cadenas de radio y televisión y otros proveedores de contenido,C,C,436.1,28.0,"5,318.4",198.3,0.1,4.6,-10.7,192.3,C,-88.0,-79.0,"6,293.1"
517 Telecomunicaciones,30.8,72.8,68.3,-97.6,74.3,-250.1,49.7,-842.4,95.2,-947.6,257.9,-0.8,257.1,"11,657.2"
5173 Operadores de servicios de telecomunicaciones alámbricas e inalámbricas,-4.1,97.7,12.6,-82.8,23.4,-183.7,66.5,-857.0,48.2,-926.0,279.8,8.8,288.6,"11,013.4"
5174 Operadores de servicios de telecomunicaciones vía satélite,40.1,3.4,31.8,-26.8,48.5,13.7,0.0,C,C,21.9,C,-9.6,-31.5,609.9
5179 Otros servicios de telecomunicaciones,-5.1,C,C,12.0,2.5,-80.1,C,C,44.1,-43.5,C,C,C,33.9
518 Provisión de infraestructura de servicios de cómputo  procesamiento de datos  hospedaje de páginas de internet y otros servicios relacionados,C,C,6.4,4.0,19.7,C,C,-7.9,C,-6.4,C,C,C,218.7
5182 Provisión de infraestructura de servicios de cómputo procesamiento de datos hospedaje de páginas de internet y otros servicios relacionados,C,C,6.4,4.0,19.7,C,C,-7.9,C,-6.4,C,C,C,218.7
519 Bibliotecas archivos  portales de búsqueda en la red y otros servicios de suministro de información,-67.2,27.2,-27.1,88.1,21.0,-48.2,101.1,-30.5,C,115.1,-57.3,35.8,-21.6,496.2
5192 Bibliotecas archivos portales de búsqueda en la red y otros servicios de suministro de información,-67.2,27.2,-27.1,88.1,21.0,-48.2,101.1,-30.5,C,115.1,-57.3,35.8,-21.6,496.2
52 Servicios financieros y de seguros,"3,892.7",549.8,213.6,558.8,"5,214.8","6,902.8",453.9,392.5,-543.6,"7,205.8","5,784.2",-987.1,"4,797.1","78,195.6"
522 Instituciones de intermediación crediticia y financiera no bursátil,"3,397.8",136.1,-27.0,85.8,"3,592.7","6,496.5",-331.9,723.0,-525.3,"6,362.2","5,185.8","-1,375.1","3,810.7","63,561.6"
5221 Banca múltiple,"3,303.8",39.4,-34.5,98.5,"3,407.2","6,405.8",-357.8,680.2,-699.0,"6,029.3","4,985.3","-1,403.9","3,581.4","60,020.0"
5222 Instituciones financieras de fomento económico,C,C,-4.1,0.0,-9.2,C,C,C,0.0,C,0.0,C,C,33.0
5223 Uniones de crédito e instituciones de ahorro,17.3,36.2,24.7,31.6,109.9,51.2,-6.7,15.4,4.8,64.6,30.7,C,37.8,857.0
5224 Otras instituciones de intermediación crediticia y financiera no bursátil,33.7,38.1,-19.3,24.9,77.3,15.8,49.8,4.3,139.4,209.3,152.2,21.6,173.8,"1,763.9"
5225 Servicios relacionados con la intermediación crediticia no bursátil,45.3,25.2,6.3,-69.2,7.6,28.0,-12.7,20.8,C,65.7,17.6,-2.6,15.1,887.8
523 Actividades bursátiles cambiarias y de inversión financiera,25.9,-69.4,2.6,250.1,209.1,283.1,57.0,-19.8,27.3,347.6,126.8,51.6,178.4,"3,012.5"
5231 Casas de bolsa casas de cambio y centros cambiarios,C,0.6,0.0,0.0,-4.0,C,C,C,C,283.5,C,C,6.7,800.9
5232 Bolsa de valores,0.0,0.0,0.0,0.0,0.0,0.0,0.0,0.0,0.0,0.0,0.0,0.0,0.0,C
5239 Asesoría en inversiones y otros servicios relacionados con la intermediación bursátil,30.4,-70.0,2.6,250.1,213.1,12.3,50.4,-12.6,13.9,64.0,120.8,50.9,171.7,"2,212.0"
524 Compañías de seguros  fianzas  y administración de fondos para el retiro,89.9,152.8,15.3,-1.3,256.7,107.4,662.3,-308.8,-217.0,244.0,205.2,270.9,476.1,"5,089.3"
5241 Compañías de seguros y fianzas,88.5,155.1,10.3,1.6,255.5,105.5,662.3,-313.4,-211.1,243.3,200.9,268.0,468.9,"5,031.9"
5242 Servicios relacionados con los seguros y las fianzas y administración de fondos para el retiro,1.4,-2.3,4.9,-2.9,1.1,1.9,0.0,C,-5.8,0.7,4.3,C,7.2,57.4
525 Sociedades de inversión especializadas en fondos para el retiro y fondos de inversión,379.1,330.3,222.7,224.3,"1,156.3",15.9,66.5,-1.8,171.4,252.0,266.4,65.6,332.0,"6,532.0"
5252 Fondos de inversión,379.1,330.3,222.7,224.3,"1,156.3",15.9,66.5,-1.8,171.4,252.0,266.4,65.6,332.0,"6,532.0"
53 Servicios inmobiliarios y de alquiler de bienes muebles e intangibles,184.6,-12.1,53.7,225.6,451.8,35.2,67.3,128.2,129.5,360.1,167.0,105.1,272.1,"11,906.3"
531 Servicios inmobiliarios,74.1,23.4,6.6,59.9,164.0,42.8,12.3,20.5,118.3,193.9,116.1,56.3,172.4,"9,561.4"
5311 Alquiler sin intermediación de bienes raíces,0.0,0.0,26.3,3.4,29.7,0.0,0.0,1.0,C,1.1,1.7,C,5.9,70.9
5312 Inmobiliarias y corredores de bienes raíces,38.0,10.9,-20.4,41.3,69.8,49.0,7.1,19.4,7.6,83.1,89.0,40.9,129.9,"8,478.1"
5313 Servicios relacionados con los servicios inmobiliarios,36.0,12.5,0.7,15.2,64.5,-6.2,5.1,0.0,110.8,109.7,25.4,11.1,36.5,"1,012.4"
532 Servicios de alquiler de bienes muebles,109.4,-36.4,46.3,165.5,284.7,-8.9,53.1,105.6,8.5,158.3,34.4,47.6,82.0,"2,126.6"
5321 Alquiler de automóviles camiones y otros transportes terrestres,92.2,C,C,148.1,242.9,C,C,C,C,161.0,C,47.4,66.2,"1,515.2"
5322 Alquiler de artículos para el hogar y personales,0.0,0.0,C,0.0,C,C,0.0,C,C,1.8,0.0,C,C,17.6
5323 Centros generales de alquiler,0.0,C,0.0,C,0.0,0.0,0.0,0.0,0.0,0.0,0.0,0.0,0.0,0.9
5324 Alquiler de maquinaria y equipo agropecuario pesquero industrial  comercial y de servicios,17.2,7.2,C,17.4,41.8,-8.9,C,-0.2,2.0,-4.5,15.6,C,15.8,592.8
533 Servicios de alquiler de marcas registradas patentes y franquicias,1.1,1.0,0.9,0.2,3.1,1.3,1.9,2.1,2.6,7.9,16.5,1.2,17.7,218.2
5331 Servicios de alquiler de marcas registradas patentes y franquicias,1.1,1.0,0.9,0.2,3.1,1.3,1.9,2.1,2.6,7.9,16.5,1.2,17.7,218.2
54 Servicios profesionales científicos y técnicos,28.6,19.6,3.8,-16.0,36.0,283.0,42.6,129.5,73.3,528.4,117.4,254.5,371.9,"4,628.6"
541 Servicios profesionales científicos y técnicos,28.6,19.6,3.8,-16.0,36.0,283.0,42.6,129.5,73.3,528.4,117.4,254.5,371.9,"4,628.6"
5411 Servicios legales,0.0,0.0,C,0.0,C,C,C,C,C,4.8,C,C,5.2,31.9
5412 Servicios de contabilidad auditoría y servicios relacionados,21.3,15.6,-0.2,1.4,38.1,65.1,C,7.3,-2.8,65.7,0.0,64.7,64.7,446.4
5413 Servicios de arquitectura ingeniería y actividades relacionadas,-22.1,3.7,-5.8,-38.7,-62.8,35.8,8.5,0.0,-1.1,43.1,4.1,-1.0,3.1,802.7
5414 Diseño especializado,C,C,0.0,-3.5,-0.9,C,0.0,C,0.0,0.0,0.0,3.5,3.5,-84.0
5415 Servicios de diseño de sistemas de cómputo y servicios relacionados,51.0,-15.7,-51.0,13.3,-2.4,147.1,58.0,173.7,-8.1,370.7,-20.3,77.1,56.8,"1,813.9"
5416 Servicios de consultoría administrativa científica y técnica,2.4,-7.2,10.6,-55.2,-49.4,-19.3,13.4,28.3,48.9,71.2,26.8,82.2,109.0,522.7
5417 Servicios de investigación científica y desarrollo,C,C,0.0,12.3,-16.3,45.0,C,C,C,-92.7,52.5,0.0,52.5,250.3
5418 Servicios de publicidad y actividades relacionadas,0.0,1.6,3.9,41.8,47.3,0.1,1.2,0.0,0.0,1.3,1.8,-0.6,1.2,334.1
5419 Otros servicios profesionales científicos y técnicos,16.4,7.2,46.3,12.5,82.5,4.4,18.4,3.0,38.4,64.2,51.8,24.0,75.7,510.6
55 Dirección y administración de grupos empresariales o corporativos,C,C,20.7,C,20.5,-23.0,C,C,C,-13.7,C,C,C,87.2
551 Dirección y administración de grupos empresariales o corporativos,C,C,20.7,C,20.5,-23.0,C,C,C,-13.7,C,C,C,87.2
5511 Dirección y administración de grupos empresariales o corporativos,C,C,20.7,C,20.5,-23.0,C,C,C,-13.7,C,C,C,87.2
56 Servicios de apoyo a los negocios y manejo de residuos y servicios de remediación,125.1,13.1,67.8,17.7,223.6,51.8,-6.5,-33.0,-14.3,-1.9,120.2,-47.5,72.7,"2,603.6"
561 Servicios de apoyo a los negocios,125.1,13.0,67.8,17.7,223.6,51.8,-6.5,-33.0,-14.3,-1.9,120.2,-47.5,72.7,"2,571.9"
5611 Servicios de administración de negocios,41.5,41.0,0.0,-4.1,78.3,C,C,2.8,C,19.3,11.8,C,11.8,"1,079.5"
5612 Servicios integrales de apoyo a los negocios en instalaciones,C,0.0,0.0,0.0,C,0.0,0.0,C,0.0,C,0.0,0.0,0.0,3.6
5613 Servicios de empleo,8.6,C,1.8,1.1,11.4,-15.6,-10.7,-0.4,5.9,-20.8,6.9,C,12.8,197.7
5614 Servicios de apoyo secretarial fotocopiado cobranza investigación crediticia y similares,-0.1,0.1,C,0.9,-1.3,C,C,3.6,0.0,9.3,1.2,C,0.5,136.7
5615 Agencias de viajes y servicios de reservaciones,16.9,-6.9,C,C,10.0,C,C,C,C,3.4,C,2.5,8.8,229.5
5616 Servicios de investigación protección y seguridad,C,C,0.0,0.0,C,C,0.0,C,C,C,C,C,C,-439.4
5617 Servicios de limpieza,0.0,C,0.0,0.0,C,0.0,0.0,0.0,0.0,0.0,0.0,C,C,19.9
5619 Otros servicios de apoyo a los negocios,56.3,-20.9,68.0,19.8,123.2,66.0,-2.4,0.0,2.9,66.6,101.2,-17.3,83.9,"1,344.4"
562 Manejo de residuos y servicios de remediación,0.0,C,0.0,0.0,C,0.0,0.0,0.0,C,C,0.0,0.0,0.0,31.7
5621 Recolección de residuos,0.0,C,0.0,0.0,C,0.0,0.0,0.0,0.0,0.0,0.0,0.0,0.0,31.7
5629 Servicios de remediación recuperación  y otros servicios de manejo de residuos,0.0,0.0,0.0,0.0,0.0,0.0,0.0,0.0,C,C,0.0,0.0,0.0,C
61 Servicios educativos,7.2,3.1,19.1,0.0,29.5,19.8,C,C,C,16.0,C,0.0,C,512.8
611 Servicios educativos,7.2,3.1,19.1,0.0,29.5,19.8,C,C,C,16.0,C,0.0,C,512.8
6111 Escuelas de educación básica  media y para necesidades especiales,C,C,C,0.0,22.9,C,0.0,0.0,0.0,C,C,0.0,C,374.2
6112 Escuelas de educación técnica superior,0.0,0.0,0.0,0.0,0.0,0.0,0.0,0.0,0.0,0.0,0.0,0.0,0.0,13.4
6113 Escuelas de educación superior,C,C,0.0,0.0,C,0.0,0.0,0.0,0.0,0.0,0.0,0.0,0.0,83.3
6114 Escuelas comerciales  de computación y de capacitación para ejecutivos,0.0,0.0,0.0,0.0,0.0,C,0.0,0.0,C,C,0.0,0.0,0.0,4.8
6115 Escuelas de oficios,0.0,0.0,0.0,0.0,0.0,0.0,0.0,0.0,0.0,0.0,0.0,0.0,0.0,C
6116 Otros servicios educativos,C,C,C,0.0,C,14.4,C,C,0.0,10.5,0.0,0.0,0.0,35.2
6117 Servicios de apoyo a la educación,0.0,0.0,0.0,0.0,0.0,C,C,0.0,0.0,C,0.0,0.0,0.0,2.0
62 Servicios de salud y de asistencia social,5.1,0.0,-18.2,0.0,-13.1,0.0,0.5,C,C,0.6,C,C,7.9,237.1
621 Servicios médicos de consulta externa y servicios relacionados,5.1,0.0,C,0.0,5.1,0.0,0.5,C,C,0.6,C,C,7.9,216.6
6211 Consultorios médicos,0.0,C,0.0,C,0.0,0.0,C,C,0.0,0.5,C,C,C,86.5
6212 Consultorios dentales,0.0,0.0,0.0,0.0,0.0,0.0,C,0.0,0.0,C,0.0,0.0,0.0,29.3
6213 Otros consultorios para el cuidado de la salud,C,0.0,C,C,5.1,0.0,C,0.0,C,C,C,C,C,6.9
6214 Centros para la atención de pacientes que no requieren hospitalización,C,C,0.0,0.0,C,0.0,0.0,0.0,0.0,0.0,0.0,0.0,0.0,10.6
6215 Laboratorios médicos y de diagnóstico,0.0,C,0.0,0.0,C,0.0,0.0,0.0,0.0,0.0,0.0,0.0,0.0,83.1
6216 Servicios de enfermería a domicilio,0.0,0.0,0.0,0.0,0.0,0.0,0.0,0.0,0.0,0.0,0.0,0.0,0.0,0.0
6219 Servicios de ambulancias  de bancos de órganos y otros servicios auxiliares al tratamiento médico,0.0,0.0,0.0,0.0,0.0,0.0,0.0,C,0.0,C,0.0,0.0,0.0,0.1
622 Hospitales,0.0,0.0,C,C,C,0.0,0.0,0.0,0.0,0.0,0.0,0.0,0.0,15.1
6221 Hospitales generales,0.0,0.0,C,C,C,0.0,0.0,0.0,0.0,0.0,0.0,0.0,0.0,-6.6
6223 Hospitales de otras especialidades médicas,0.0,0.0,0.0,0.0,0.0,0.0,0.0,0.0,0.0,0.0,0.0,0.0,0.0,21.6
623 Residencias de asistencia social y para el cuidado de la salud,0.0,0.0,0.0,0.0,0.0,0.0,0.0,0.0,0.0,0.0,0.0,0.0,0.0,4.8
6231 Residencias con cuidados de enfermeras para enfermos convalecientes  en rehabilitación incurables y terminales,0.0,0.0,0.0,0.0,0.0,0.0,0.0,0.0,0.0,0.0,0.0,0.0,0.0,C
6232 Residencias para el cuidado de personas con problemas de retardo mental trastorno mental y adicciones,0.0,0.0,0.0,0.0,0.0,0.0,0.0,0.0,0.0,0.0,0.0,0.0,0.0,C
6233 Asilos y otras residencias para el cuidado de ancianos,0.0,0.0,0.0,0.0,0.0,0.0,0.0,0.0,0.0,0.0,0.0,0.0,0.0,4.8
624 Otros servicios de asistencia social,0.0,C,0.0,0.0,C,0.0,0.0,0.0,0.0,0.0,0.0,0.0,0.0,0.6
6241 Servicios de orientación y trabajo social,0.0,0.0,0.0,0.0,0.0,0.0,0.0,0.0,0.0,0.0,0.0,0.0,0.0,0.0
6242 Servicios comunitarios de alimentación refugio y emergencia,0.0,0.0,0.0,0.0,0.0,0.0,0.0,0.0,0.0,0.0,0.0,0.0,0.0,0.0
6243 Servicios de capacitación para el trabajo para personas desempleadas subempleadas o con discapacidad,0.0,C,0.0,0.0,C,0.0,0.0,0.0,0.0,0.0,0.0,0.0,0.0,0.6
6244 Guarderías,0.0,0.0,0.0,0.0,0.0,0.0,0.0,0.0,0.0,0.0,0.0,0.0,0.0,C
71 Servicios de esparcimiento culturales y deportivos y otros servicios recreativos,4.6,6.7,7.9,32.6,51.8,19.2,C,14.1,-14.4,19.0,26.9,-4.0,22.9,"1,338.7"
711 Servicios artísticos culturales y deportivos y otros servicios relacionados,0.0,0.0,C,C,1.7,0.0,0.0,C,0.0,C,C,0.0,C,111.0
7111 Compañías y grupos de espectáculos artísticos y culturales,C,0.0,C,C,1.6,0.0,0.0,0.0,0.0,0.0,C,0.0,C,59.5
7112 Deportistas y equipos deportivos profesionales,0.0,0.0,0.0,0.0,0.0,0.0,0.0,0.0,0.0,0.0,0.0,0.0,0.0,51.5
7113 Promotores de espectáculos artísticos  culturales  deportivos y similares,C,0.0,C,0.0,C,0.0,0.0,0.0,0.0,0.0,0.0,0.0,0.0,-0.3
7114 Agentes y representantes de artistas deportistas y similares,C,0.0,0.0,0.0,C,0.0,0.0,C,0.0,C,0.0,0.0,0.0,0.3
7115 Artistas  escritores y técnicos independientes,0.0,0.0,0.0,0.0,0.0,0.0,0.0,0.0,0.0,0.0,0.0,0.0,0.0,0.0
712 Museos  sitios históricos zoológicos y similares,0.0,0.0,0.0,0.0,0.0,0.0,0.0,0.0,0.0,0.0,0.0,0.0,0.0,0.0
7121 Museos  sitios históricos zoológicos y similares,0.0,0.0,0.0,0.0,0.0,0.0,0.0,0.0,0.0,0.0,0.0,0.0,0.0,0.0
713 Servicios de entretenimiento en instalaciones recreativas y otros servicios recreativos,4.6,6.7,6.2,32.6,50.2,19.2,C,14.1,-14.4,19.0,26.8,-4.0,22.7,"1,227.6"
7131 Parques con instalaciones recreativas y casas de juegos electrónicos,C,6.7,6.0,C,15.3,C,0.0,C,-14.4,9.1,11.9,C,7.9,830.6
7132 Casinos  loterías y otros juegos de azar,0.0,0.0,C,0.0,0.0,0.0,0.0,0.0,0.0,0.0,0.0,0.0,0.0,200.5
7139 Otros servicios recreativos,3.0,0.0,C,31.6,34.8,11.9,C,-2.0,C,9.9,14.8,C,14.8,196.5
72 Servicios de alojamiento temporal y de preparación de alimentos y bebidas,440.5,"1,083.8",472.6,326.6,"2,323.5",663.2,"1,015.2",486.2,481.8,"2,646.5",414.4,817.6,"1,232.0","24,144.4"
721 Servicios de alojamiento temporal,440.5,"1,083.8",472.6,326.6,"2,323.5",659.5,"1,015.2",485.5,481.8,"2,642.0",413.6,817.6,"1,231.2","23,673.7"
7211 Hoteles moteles y similares,113.3,734.8,75.6,-48.1,875.7,284.3,377.6,0.4,-5.1,657.1,124.0,752.7,876.7,"8,291.3"
7212 Campamentos y albergues recreativos,0.0,0.0,0.0,0.0,0.0,0.0,0.0,0.0,0.0,0.0,0.0,0.0,0.0,1.7
7213 Pensiones y casas de huéspedes y departamentos y casas amueblados con servicios de hotelería,327.2,349.0,396.9,374.7,"1,447.8",375.2,637.6,485.2,487.0,"1,984.9",289.6,65.0,354.6,"15,380.8"
722 Servicios de preparación de alimentos y bebidas,C,0.0,0.0,0.0,0.0,3.7,C,0.7,0.0,4.4,0.8,0.0,0.8,470.7
7223 Servicios de preparación de alimentos por encargo,0.0,C,C,0.0,0.0,C,0.0,0.0,C,C,0.0,0.0,0.0,-6.3
7224 Centros nocturnos  bares cantinas y similares,0.0,0.0,0.0,0.0,0.0,0.0,0.0,0.0,0.0,0.0,0.0,0.0,0.0,0.5
7225 Servicios de preparación de alimentos y bebidas alcohólicas y no alcohólicas,C,0.0,0.0,0.0,0.0,0.3,C,0.7,0.0,1.0,0.8,0.0,0.8,476.5
81 Otros servicios excepto actividades gubernamentales,-1.3,16.5,-20.7,0.1,-5.4,11.0,0.2,12.7,1.6,25.5,9.3,14.0,23.3,504.6
811 Servicios de reparación y mantenimiento,-1.8,11.1,-19.9,C,-10.6,11.0,C,10.0,1.5,22.7,6.1,3.6,9.7,407.4
8111 Reparación y mantenimiento de automóviles y camiones,0.0,C,C,0.0,C,C,0.0,C,1.4,20.8,C,C,4.8,64.7
8112 Reparación y mantenimiento de equipo electrónico y de equipo de precisión,-1.9,0.0,0.0,0.0,-1.9,C,0.0,C,0.0,2.5,C,C,C,0.7
8113 Reparación y mantenimiento de maquinaria y equipo agropecuario industrial  comercial y de servicios,0.0,C,C,C,-19.2,C,C,C,C,-1.0,4.9,C,4.9,327.3
8114 Reparación y mantenimiento de artículos para el hogar y personales,C,C,C,C,C,C,C,C,C,C,C,C,C,14.7
812 Servicios personales,0.5,5.5,-0.8,C,5.2,C,C,2.8,0.0,2.9,3.2,10.4,13.6,93.6
8121 Salones y clínicas de belleza baños públicos y bolerías,0.0,0.0,0.2,0.0,0.2,0.0,C,0.0,C,C,0.0,0.0,0.0,1.2
8122 Lavanderías y tintorerías,0.0,C,0.0,C,C,0.0,C,0.0,0.0,C,0.0,0.0,0.0,2.5
8123 Servicios funerarios y administración de cementerios,0.0,0.0,0.0,0.0,0.0,0.0,0.0,0.0,0.0,0.0,0.0,0.0,0.0,40.4
8124 Estacionamientos y pensiones para vehículos automotores,0.0,0.0,0.0,0.0,0.0,0.0,0.0,0.0,0.0,0.0,0.0,0.0,0.0,1.0
8129 Servicios de revelado e impresión de fotografías y otros servicios personales,0.5,C,-1.0,0.0,5.0,C,0.0,2.8,0.0,2.8,3.2,10.4,13.6,48.5
813 Asociaciones y organizaciones,0.0,0.0,0.0,0.0,0.0,0.0,0.0,0.0,0.0,0.0,0.0,0.0,0.0,3.6
8131 Asociaciones y organizaciones comerciales laborales profesionales y recreativas,0.0,0.0,0.0,0.0,0.0,0.0,0.0,0.0,0.0,0.0,0.0,0.0,0.0,3.0
8132 Asociaciones y organizaciones religiosas políticas y civiles,0.0,0.0,0.0,0.0,0.0,0.0,0.0,0.0,0.0,0.0,0.0,0.0,0.0,0.6
814 Hogares con empleados domésticos,0.0,0.0,0.0,0.0,0.0,0.0,0.0,0.0,0.0,0.0,0.0,0.0,0.0,C
8141 Hogares con empleados domésticos,0.0,0.0,0.0,0.0,0.0,0.0,0.0,0.0,0.0,0.0,0.0,0.0,0.0,C
Total,"22,778.9","8,191.2","3,519.8","1,809.0","36,298.9","23,502.2","8,619.6","3,090.9","1,069.4","36,282.1","26,015.4","5,080.9","31,096.3","589,525.0"
,,,,,,,,,,,,,,
,,,,,,,,,,,,,,
,,,,,,,,,,,,,,
,,,,,,,,,,,,,,
,,,,,,,,,,,,,,
,,,,,,,,,,,,,,
